date,AQI,IPRC,PM2_5,PM10,SO2,NO2,CO,O3
2014/6/1,78,0.480804635,54.375,102.875,13.625,21,1.672916667,75.16666667
2014/6/2,101,0.587507938,71.33333333,140.25,12.95833333,23.875,1.959166667,82.83333333
2014/6/3,86,0.525599361,58.45833333,120.2083333,13.75,17.45833333,1.764166667,91
2014/6/4,59,0.364717171,33.95833333,65.54166667,10.08333333,17.79166667,1.666666667,50.54166667
2014/6/5,100,0.584368329,73.25,122.6666667,12.625,33.41666667,1.769583333,60.625
2014/6/6,76,0.440658623,40.39583333,99.375,10.95833333,30.25,1.443958333,33
2014/6/7,61,0.380547325,27.08333333,71.9375,12.16666667,32.91666667,1.33375,52.58333333
2014/6/8,69,0.444774677,34.875,87.91666667,14.875,38.41666667,1.47125,75.95833333
2014/6/9,85,0.538719243,45.875,118.6041667,25.89583333,46.3125,1.553125,72.97916667
2014/6/10,87,0.54532458,48.375,123.375,23.75,49.45833333,1.369166667,67.625
2014/6/11,80,0.506428305,44.97916667,107.9583333,20.6875,52.8125,1.298541667,59.45833333
2014/6/12,142,0.842754965,101.4375,195.0625,19.95833333,42.39583333,1.41375,66.27083333
2014/6/13,67,0.402118419,45.54166667,80,10.33333333,31.04166667,1.044583333,39.02083333
2014/6/14,74,0.436957759,53.66666667,83.33333333,8.604166667,31.625,1.188541667,29.47916667
2014/6/15,64,0.399112465,41.75,74.5625,9.291666667,33.91666667,1.280625,45.58333333
2014/6/16,70,0.439440541,42.04166667,86.85416667,11.6875,37.95833333,1.259375,66.89583333
2014/6/17,56,0.346281526,19.97916667,63.4375,9.604166667,24.75,1.183333333,67.85416667
2014/6/18,77,0.47914694,41.04166667,104.3125,14.41666667,42.79166667,1.245,62.95833333
2014/6/19,52,0.324978428,25.33333333,57.875,12.25,23.95833333,1.143958333,29.1875
2014/6/20,65,0.407407814,38.16666667,79.04166667,15.875,36.70833333,1.329166667,32.20833333
2014/6/21,69,0.433731275,38.6875,87.45833333,10.83333333,37.75,1.374791667,58
2014/6/22,75,0.471060031,47.54166667,97.72916667,12.0625,38.72916667,1.4025,66.52083333
2014/6/23,67,0.420594426,38.8125,82.0625,12.64583333,28.8125,1.435208333,65.35416667
2014/6/24,53,0.341555721,32.20833333,56.60416667,9.145833333,18.08333333,1.228125,64.875
2014/6/25,53,0.344466706,34.625,53.79166667,10.75,29.95833333,1.378333333,38.04166667
2014/6/26,67,0.435446298,41.45833333,79.54166667,13.39583333,37.64583333,1.555416667,74.02083333
2014/6/27,76,0.484467909,41.5625,97.27083333,19.54166667,42.29166667,1.4875,83.95833333
2014/6/28,87,0.541560039,61.25,121.875,18.375,45.45833333,1.58375,44.375
2014/6/29,58,0.357850898,37.29166667,50.5,12.02083333,28.4375,1.369583333,58.35416667
2014/6/30,100,0.601294908,71.9375,129,15.89583333,48.83333333,1.763541667,57.75
2014/7/1,103,0.616108421,70.72916667,145.3541667,18.75,46.02083333,1.631458333,76.6875
2014/7/2,69,0.422984853,28.20833333,79.45833333,13.08333333,40.125,1.255416667,92.04166667
2014/7/3,64,0.412243558,29.70833333,78.72916667,12.16666667,46.3125,1.113958333,60.4375
2014/7/4,78,0.487140883,40.375,103.1666667,14.41666667,50.875,1.116666667,74.95833333
2014/7/5,74,0.453008012,44.70833333,93,12.22916667,31.625,1.027708333,89.91666667
2014/7/6,76,0.472700167,45.04166667,99.5625,12.60416667,31.29166667,1.0675,101.7083333
2014/7/7,78,0.480906086,46.10416667,99.10416667,13.4375,37.16666667,1.115208333,100.2916667
2014/7/8,84,0.514224162,49.72916667,116.2083333,12.79166667,39.4375,1.061666667,87.41666667
2014/7/9,38,0.224603027,15.625,39.75,8.291666667,21.16666667,0.834583333,47.125
2014/7/10,26,0.173100865,13.66666667,25.58333333,5.458333333,21.91666667,0.85875,43.29166667
2014/7/11,48,0.283294299,21.75,48.70833333,7.5625,30.66666667,1.036666667,64.9375
2014/7/12,66,0.396894984,26.58333333,81.375,6.666666667,37.29166667,0.9825,66.41666667
2014/7/13,72,0.432314379,29.04166667,92.625,9.791666667,41.5,0.95625,71.70833333
2014/7/14,67,0.406575962,31.75,82.41666667,7.833333333,40.125,0.93875,58.875
2014/7/15,75,0.487887961,42,100,14,49,1.14,92
2014/7/16,81,0.486299197,38,111,11,47,1.12,62
2014/7/17,63,0.38389778,25,75,7,32,0.87,88
2014/7/18,66,0.400719218,35,82,6,26,0.94,81
2014/7/19,49,0.245815946,15,49,3,14,0.8,44
2014/7/20,38,0.198560019,11,38,4,17,0.85,27
2014/7/21,54,0.309371453,17,58,6,24,0.88,45
2014/7/22,69,0.400395511,26,87,9,27,0.95,74
2014/7/23,51,0.318379739,26,52,6,23,1.01,60
2014/7/24,52,0.332054458,16.20833333,54.29166667,10.33333333,32.54166667,0.887083333,78
2014/7/25,68,0.435862679,33.5,86.5,12.70833333,49.125,0.91875,69.29166667
2014/7/26,81,0.50665263,50.45833333,111.3541667,12.0625,44.10416667,1.063541667,81.22916667
2014/7/27,77,0.495915115,49.33333333,102.1875,12.02083333,36.14583333,1.116458333,109.2291667
2014/7/28,87,0.553900721,60.5625,123.8333333,12.54166667,36.125,1.081041667,114.4583333
2014/7/29,86,0.527296854,60.16666667,118.0833333,7.5,36.8125,1.158541667,93.70833333
2014/7/30,85,0.513461921,54.875,116.25,8.375,32.70833333,1.227083333,90.25
2014/7/31,91,0.527301692,64.04166667,113.875,7.208333333,26.41666667,1.080416667,102.625
2014/8/1,119,0.737210717,87.27083333,147.8958333,10.14583333,31.95833333,1.225,106.4375
2014/8/2,109,0.716485258,80.29166667,157.1666667,12.04166667,39.41666667,1.2625,102.875
2014/8/3,110,0.725993923,82.27083333,157.0416667,9.770833333,43.47916667,1.314583333,94.1875
2014/8/4,91,0.538062166,55.83333333,130.3333333,8.458333333,34.16666667,1.15,81.29166667
2014/8/5,79,0.483260837,52.875,105.75,8.8125,27.97916667,1.240208333,87.60416667
2014/8/6,77,0.43605117,53.95833333,82.70833333,8.375,26.66666667,1.299583333,33.20833333
2014/8/7,47,0.269618152,29.375,47.75,5.916666667,27.41666667,1.130833333,22.91666667
2014/8/8,35,0.212220265,21.5625,34.5625,3.75,27.25,1.102708333,28.85416667
2014/8/9,39,0.259653046,24.35416667,40.95833333,4.3125,30.70833333,1.321666667,65.22916667
2014/8/10,61,0.399851297,34.41666667,71.70833333,6.833333333,39.375,1.435833333,63.91666667
2014/8/11,79,0.501427712,52.75,103.0416667,6.041666667,49.5,1.55375,73.33333333
2014/8/12,59,0.390866708,37.16666667,73.54166667,6.916666667,45.5,1.259166667,22.83333333
2014/8/13,53,0.344513859,25.58333333,58.79166667,7.583333333,36.95833333,1.08,44.95833333
2014/8/14,58,0.374827494,27.70833333,64.54166667,12.16666667,42.95833333,0.95625,61.70833333
2014/8/15,67,0.452046489,33.72916667,83.83333333,13.75,56.77083333,1.062083333,62.58333333
2014/8/16,85,0.531036396,56.27083333,118.0625,16.27083333,54.47916667,1.402083333,37.25
2014/8/17,79,0.479188524,56.625,98.16666667,15.83333333,36.70833333,1.4425,33.25
2014/8/18,78,0.46537304,53.14583333,89.83333333,17.54166667,34.25,1.343333333,59.04166667
2014/8/19,77,0.498645724,48.4375,104.125,16.45833333,51.27083333,1.110833333,68.66666667
2014/8/20,87,0.555590461,52.64583333,124.125,19.9375,60.64583333,1.226666667,60.14583333
2014/8/21,107,0.714607787,77.64583333,158.8125,18.54166667,52.75,1.328333333,68.14583333
2014/8/22,77,0.481275744,50.875,102.0416667,16.83333333,39.83333333,1.121666667,61.29166667
2014/8/23,72,0.44398939,36.14583333,93.5625,15.79166667,45.25,1.080625,46.4375
2014/8/24,55,0.354998472,20.83333333,62.83333333,14.08333333,40.58333333,0.910416667,50.41666667
2014/8/25,67,0.456732839,26.58333333,84.58333333,19.75,60,1.053333333,46.70833333
2014/8/26,93,0.589948371,49.91666667,134.7916667,26.54166667,67.95833333,1.393333333,57.875
2014/8/27,65,0.409487156,36.83333333,80.35416667,13.25,29.77083333,1.095833333,66.89583333
2014/8/28,59,0.380704212,31.5,68.79166667,13.60416667,33.29166667,1.087708333,60.47916667
2014/8/29,64,0.403320498,37.66666667,76.3125,13.0625,32.60416667,1.124166667,60.375
2014/8/30,41,0.262600191,21.91666667,46.16666667,7.375,28.29166667,1.10375,34.875
2014/8/31,48,0.325902852,26.29166667,52.125,7.166666667,32.91666667,1.229583333,33
2014/9/1,69,0.426426554,46.08333333,82.4375,9.979166667,43.89583333,1.507708333,23.27083333
2014/9/2,58,0.380049187,32.85416667,67.83333333,11.95833333,39.29166667,1.303541667,38.8125
2014/9/3,52,0.372321597,22.125,56.375,16.25,47.0625,1.056666667,48.3125
2014/9/4,72,0.493320611,40.89583333,93.45833333,20.91666667,60.97916667,1.234791667,53.9375
2014/9/5,84,0.531698389,51.6875,113.75,17.54166667,56.875,1.441041667,61.25
2014/9/6,73,0.46663467,45.66666667,95.45833333,14.45833333,44.66666667,1.169583333,63.20833333
2014/9/7,71,0.429311729,50.58333333,81.66666667,6.958333333,35.91666667,1.282916667,35.91666667
2014/9/8,58,0.363970756,39.54166667,64.125,6.916666667,32.25,1.267916667,28.625
2014/9/9,61,0.391466362,43.125,66.89583333,6.604166667,31.3125,1.710208333,37.3125
2014/9/10,60,0.372054422,42.29166667,64,7.25,33.33333333,1.329166667,19.83333333
2014/9/11,66,0.391072899,45.95833333,76.0625,6.1875,26.41666667,1.052083333,44.39583333
2014/9/12,35,0.218721671,21.875,36.25,7.416666667,25.25,0.98875,30.375
2014/9/13,34,0.226514969,21.33333333,33.14583333,7.895833333,30.20833333,1.12125,29.1875
2014/9/14,23,0.234558328,14.33333333,21,5.291666667,35.375,1.255416667,26.29166667
2014/9/15,20,0.214090018,12.79166667,18.58333333,8.291666667,30.04166667,1.516666667,28.54166667
2014/9/16,28,0.221381091,17.29166667,26.58333333,8,30.70833333,1.340416667,21.29166667
2014/9/17,30,0.248555494,18.14583333,30.22916667,7.8125,35.5,1.479583333,17.91666667
2014/9/18,55,0.37024471,32.9375,60.16666667,10.375,38.66666667,1.689166667,31.9375
2014/9/19,72,0.467166791,45.10416667,92.91666667,13.83333333,49.5625,1.694166667,38.60416667
2014/9/20,88,0.561223147,60.75,124.3125,14.47916667,56.52083333,1.734375,47.375
2014/9/21,90,0.560495813,63.70833333,127.7916667,14.58333333,50.29166667,1.562083333,50.375
2014/9/22,71,0.440253579,42.95833333,90.5,14.1875,40.97916667,1.10125,45.5
2014/9/23,42,0.259521848,21.79166667,46,10.5625,34.89583333,0.936875,17.77083333
2014/9/24,59,0.393803957,30.95833333,67.33333333,17.04166667,48.45833333,1.1975,34.29166667
2014/9/25,93,0.554842226,64.75,129.375,17.45833333,55.66666667,1.319583333,21.04166667
2014/9/26,112,0.725859641,83.64583333,155.5,18.3125,51.4375,1.46625,40.25
2014/9/27,106,0.686800498,78.875,145.9166667,15.45833333,55.08333333,1.527083333,18
2014/9/28,33,0.233804762,21.95833333,35.04166667,8.375,30.72916667,1.028541667,38.85416667
2014/9/29,48,0.331792741,27.125,51.04166667,9.708333333,37.375,1.166666667,36.79166667
2014/9/30,61,0.380458417,36.41666667,72.70833333,11.08333333,30.16666667,1.08875,42.08333333
2014/10/1,66,0.389660965,42.66666667,75.29166667,11.125,33.04166667,1.265416667,20.29166667
2014/10/2,89,0.514067954,42.8125,128.0416667,11.52083333,47.47916667,1.410625,18.5625
2014/10/3,110,0.706510721,72.58333333,169.9583333,18.54166667,47.33333333,1.427083333,36
2014/10/4,95,0.557285595,57.49166667,138.5083333,17.23333333,46.225,1.363916667,25.68333333
2014/10/5,74,0.457947562,35.8,98.36666667,17.6,52.48333333,1.178583333,28.19166667
2014/10/6,118,0.74571223,86.58333333,152.9375,22.20833333,45.70833333,1.389166667,60.5
2014/10/7,147,0.917465156,111.6666667,196.1666667,26.22916667,57.58333333,1.48375,53.02083333
2014/10/8,224,1.538474265,173.6875,303.5416667,27.52083333,73,1.841875,37.97916667
2014/10/9,254,1.686202595,203.8333333,321.5416667,25,64.66666667,1.85,63.375
2014/10/10,130,0.824924758,98.10416667,180.125,20.6875,42.79166667,1.264791667,87.54166667
2014/10/11,92,0.504049541,53.16666667,126.5208333,15.0625,33.14583333,0.9425,30.375
2014/10/12,42,0.237220743,19.25,42.125,13.58333333,27.20833333,0.789583333,20.58333333
2014/10/13,48,0.275673677,22,48.75,19.375,32.58333333,0.88125,22.625
2014/10/14,65,0.414072809,36.27083333,78.54166667,17.33333333,47.45833333,1.316666667,23.3125
2014/10/15,78,0.488489945,47.16666667,104.9791667,23.375,52.6875,1.470625,12.4375
2014/10/16,119,0.78139899,85.29166667,178.9375,29.97916667,69.1875,1.697291667,13.1875
2014/10/17,108,0.695389173,76.77083333,143.2083333,25.5625,54.375,1.606041667,30.875
2014/10/18,123,0.789083705,90.33333333,165.2708333,29.0625,61.375,1.646041667,24.97916667
2014/10/19,141,0.878740128,106.7291667,185.9166667,21.9375,59.95833333,1.799375,26.70833333
2014/10/20,102,0.663735782,75.66666667,132.625,17.16666667,52.5,1.789166667,8.75
2014/10/21,121,0.762426212,91.125,156.4166667,14.29166667,57.54166667,1.506666667,24.75
2014/10/22,157,0.999250152,118.75,211.3125,14.625,53.14583333,1.476458333,11.625
2014/10/23,100,0.595667132,70.75,142.7708333,16.60416667,53.39583333,1.812916667,19.08333333
2014/10/24,97,0.597779808,60.95833333,143.125,19.45833333,58.41666667,1.939166667,22.16666667
2014/10/25,101,0.620982987,69.29166667,146.625,21.3125,58.33333333,2.020833333,28.70833333
2014/10/26,112,0.741101157,82.58333333,153.7916667,22.16666667,62.45833333,1.835416667,24.58333333
2014/10/27,100,0.597663376,66.02083333,145.9583333,29.0625,45.47916667,1.481458333,35.04166667
2014/10/28,92,0.52539927,64.72916667,101.7708333,27.875,41.64583333,1.295208333,14.91666667
2014/10/29,148,0.852999983,112.2083333,148.1875,23.5625,45.64583333,1.555208333,10.3125
2014/10/30,162,1.037868838,123.4583333,184.4166667,34.16666667,47.66666667,1.776666667,11.60416667
2014/10/31,94,0.522602718,64.10416667,108.7916667,22.0625,39.04166667,1.57875,13.0625
2014/11/1,49,0.332897377,24.52083333,51.5,19.89583333,37.60416667,1.269583333,19.22916667
2014/11/2,70,0.419380238,27.5,89.33333333,20.5,41.25,1.240416667,27.75
2014/11/3,82,0.511163338,47.52083333,113.3541667,24.0625,51.91666667,1.65625,16.97916667
2014/11/4,115,0.780339343,82.375,176.5833333,31.25,65.83333333,2.019583333,15.91666667
2014/11/5,68,0.453233481,42.04166667,86.125,22.45833333,49.97916667,1.613333333,29.125
2014/11/6,106,0.719465368,75.91666667,151.8958333,36.5,59.85416667,2.03875,16.4375
2014/11/7,127,0.821073369,95.66666667,168.75,42.875,53.66666667,1.900416667,10.91666667
2014/11/8,159,1.053485632,120.875,198.1041667,38.1875,51.10416667,2.086041667,15.14583333
2014/11/9,183,1.180059976,138.8333333,206.4375,42.39583333,52.58333333,2.257916667,10.29166667
2014/11/10,172,1.107230441,130.5833333,195.9166667,39.375,47.04166667,2.235,9.208333333
2014/11/11,79,0.468353445,42.625,99.375,24.08333333,43.20833333,1.53,23.79166667
2014/11/12,79,0.497161631,47.29166667,106.4583333,25.20833333,47.72916667,1.735208333,19.02083333
2014/11/13,84,0.526678872,55.125,115.875,28.08333333,47,1.835,17
2014/11/14,116,0.795927174,87.5,167.9166667,53.45833333,53,2.165416667,12.08333333
2014/11/15,96,0.576990246,68.79166667,117.625,36.41666667,44.16666667,1.80625,18.5
2014/11/16,104,0.711751802,75.83333333,144.4583333,36.45833333,57.64583333,2.081458333,12.75
2014/11/17,129,0.857506451,97.70833333,182.4166667,45.29166667,56.125,2.230416667,14.83333333
2014/11/18,207,1.472291929,158,254.6458333,57.10416667,71.77083333,2.439166667,14.70833333
2014/11/19,175,1.186265102,134.3541667,199.5833333,51.4375,71.14583333,2.105,16.3125
2014/11/20,162,1.080951184,122.1041667,195.4375,42.54166667,58,2.121041667,20.1875
2014/11/21,207,1.476472683,160.3541667,259.0833333,55.52083333,65.85416667,2.5975,8.270833333
2014/11/22,242,1.642457852,192.3125,285.2916667,63.66666667,58.89583333,2.894375,7.1875
2014/11/23,192,1.271617178,145.375,210.0416667,91.6875,51.58333333,2.76875,7.25
2014/11/24,83,0.502362833,59.70833333,96.58333333,28.1875,37.1875,1.857291667,8.270833333
2014/11/25,63,0.405313446,43.6875,69.83333333,26.45833333,37.70833333,1.479583333,16.85416667
2014/11/26,95,0.582214672,65.02083333,137.6875,37.83333333,45.0625,1.775,7.9375
2014/11/27,94,0.574833703,62.39583333,134.625,39.16666667,44.39583333,1.783541667,7.958333333
2014/11/28,77,0.481328527,49.83333333,103.2708333,31.0625,43.5625,1.356041667,11.3125
2014/11/29,119,0.791723264,86.89583333,182.5625,46.625,48.91666667,2.182708333,6.395833333
2014/11/30,69,0.413641343,32.5,85.4375,28.25,34.47916667,1.044375,28.60416667
2014/12/1,60,0.376338048,26.20833333,70.08333333,27.75,39.20833333,0.955,22.875
2014/12/2,96,0.594578129,59.76080247,141.9459877,47.50617284,43.85802469,1.757361111,15.02777778
2014/12/3,72,0.440008434,28.61419753,94.84567901,30.86882716,37.32947531,1.152638889,38.88888889
2014/12/4,70,0.452399659,35.25,88.91666667,34.91666667,48.5,1.455416667,20.5
2014/12/5,103,0.719071018,65.0625,155.7291667,52.35416667,55.45833333,2.07,11.77083333
2014/12/6,132,0.889580823,100.3333333,197.4583333,57.27083333,57.89583333,2.321666667,8.604166667
2014/12/7,96,0.58728496,53.29166667,141.9166667,40.41666667,47.16666667,1.89625,14.04166667
2014/12/8,119,0.813304293,80.875,182.7916667,76.29166667,53.875,2.209583333,12.54166667
2014/12/9,110,0.730198677,77.375,157.4166667,58.25,49.375,1.929166667,10.33333333
2014/12/10,82,0.489567299,35.41666667,114.0416667,33.04166667,40.04166667,1.40875,18.83333333
2014/12/11,95,0.58782367,56.85416667,139.5,47.33333333,46.16666667,1.73125,12.39583333
2014/12/12,85,0.522640612,45.41666667,119.8333333,34.95833333,46.33333333,1.545833333,18.125
2014/12/13,117,0.809631043,82,182.625,51.08333333,59.625,2.263333333,12.20833333
2014/12/14,142,0.952989091,108.3958333,210.4375,56.97916667,65.35416667,2.417083333,12.20833333
2014/12/15,97,0.550355321,48.875,135.5416667,33.29166667,39.25,1.457708333,27.1875
2014/12/16,59,0.379304579,23.54166667,66.91666667,30.33333333,38.70833333,1.29875,30.625
2014/12/17,99,0.647120828,64.33333333,146.8333333,55.47916667,64.22916667,2.135625,13.8125
2014/12/18,154,1.037228347,114.75,238.3333333,76.875,76.45833333,2.739791667,13.4375
2014/12/19,137,0.910298787,102.9791667,197.4583333,61.27083333,60.4375,2.29625,13.89583333
2014/12/20,72,0.47492853,39.75,93.5,67.41666667,37.91666667,1.529583333,14.79166667
2014/12/21,59,0.373367148,24.91666667,68.875,30.91666667,30.29166667,1.27875,27.04166667
2014/12/22,89,0.578061725,57.16666667,127.625,66.29166667,45.91666667,1.87875,13.20833333
2014/12/23,104,0.745258405,73.8125,154.1666667,63.52083333,58.77083333,2.238125,12.66666667
2014/12/24,185,1.310786506,142.0833333,257.9583333,74.83333333,67.875,3.080416667,12.72916667
2014/12/25,130,0.869379637,95.54166667,181.375,92.54166667,49.58333333,2.506666667,9.625
2014/12/26,152,1.146348503,116.125,223.2916667,141.3333333,55.45833333,2.9725,9.375
2014/12/27,154,1.101557653,115.4791667,211.6875,91.85416667,56.60416667,2.832291667,12.20833333
2014/12/28,85,0.555272296,54.45833333,115.875,47.08333333,48.375,2.296666667,15.91666667
2014/12/29,97,0.645554187,64.375,142.1666667,56.04166667,58,2.78375,11.33333333
2014/12/30,99,0.637953719,66.16666667,143.4583333,51.20833333,50.58333333,2.642083333,17.83333333
2014/12/31,72,0.403418637,23.75,92.58333333,16.95833333,24.45833333,1.35625,32.625
2015/1/1,106,0.674795967,59.625,161.6666667,25.83333333,36.125,1.619583333,45.04166667
2015/1/2,109,0.777557693,78.625,164.75,72.54166667,52.875,2.565,9.208333333
2015/1/3,151,1.040241991,114.625,225.3333333,95.875,66.41666667,3.289583333,11.20833333
2015/1/4,223,1.684716062,173.0833333,306.6041667,101.5416667,84.41666667,3.931458333,11.625
2015/1/5,91,0.537417698,40.91666667,128.5416667,40.20833333,37.45833333,1.81,20.08333333
2015/1/6,65,0.408466128,28.14583333,78.91666667,37.47916667,32.83333333,1.478541667,20.95833333
2015/1/7,92,0.566339842,64.33333333,125.125,40.41666667,43.25,1.995,16
2015/1/8,99,0.600029142,63.20833333,135.5208333,42.25,50.41666667,2.216041667,14.89583333
2015/1/9,110,0.785722744,75.875,169.3958333,53.79166667,61.70833333,2.560833333,11.66666667
2015/1/10,160,1.171421894,121.7083333,235.2083333,64.58333333,70.875,3.114583333,14.125
2015/1/11,202,1.545359708,154.2083333,282.8541667,71.8125,80.72916667,3.562291667,13.83333333
2015/1/12,218,1.630431441,170.1041667,306.3333333,74.10416667,73.9375,3.697083333,14.8125
2015/1/13,199,1.482184921,150.5416667,281.875,60.875,64.41666667,3.400416667,11.125
2015/1/14,248,1.762621907,196.2708333,348.875,60.08333333,69.04166667,3.855208333,11.3125
2015/1/15,246,1.738291557,196.8125,338.5416667,50.97916667,63.29166667,3.732291667,16.22916667
2015/1/16,144,0.941412525,104.375,199.8333333,48.52083333,60.1875,3.325416667,16.60416667
2015/1/17,95,0.630149142,67.125,138.5,58,51.58333333,2.595,11.08333333
2015/1/18,75,0.499120595,45.89583333,98.875,34.4375,42.625,2.402083333,20.47916667
2015/1/19,110,0.808795142,71.8125,169.1875,63.27083333,66.75,3.168958333,11.35416667
2015/1/20,104,0.623483829,62.875,141.9583333,49.33333333,49.04166667,2.347083333,23.125
2015/1/21,69,0.414291011,20.5,87.125,26.83333333,36.79166667,1.519583333,30.77083333
2015/1/22,84,0.561586977,52.83333333,116.9166667,56.91666667,51.5,2.093333333,16.95833333
2015/1/23,129,0.921903213,97.9375,196.2916667,72.875,68.79166667,2.986041667,14.33333333
2015/1/24,173,1.255535178,131.1666667,252.2916667,91.47916667,67.33333333,3.219375,12.04166667
2015/1/25,203,1.488371528,157.4166667,299.4583333,48.16666667,54.25,3.24125,8
2015/1/26,240,1.713706822,190.4166667,350.8333333,62.33333333,62.77083333,3.454375,10.9375
2015/1/27,149,1.055397484,115.4583333,206.0833333,49.16666667,46.91666667,2.89,10.25
2015/1/28,63,0.429808202,44.97916667,69.29166667,40.47916667,29.54166667,2.058333333,18.64583333
2015/1/29,73,0.471245357,48.20833333,85.91666667,47.45833333,30.20833333,2.287916667,22.20833333
2015/1/30,61,0.421555632,33.22916667,71.5,39.27083333,35.625,2.200416667,20.375
2015/1/31,87,0.542643229,61.83333333,102.125,43.25,37.33333333,2.279166667,14.70833333
2015/2/1,146,0.92955369,111.25,176.5416667,53,43.66666667,2.809583333,14.58333333
2015/2/2,173,1.183249299,131.3333333,213.375,64.41666667,50.20833333,3.175,11.08333333
2015/2/3,201,1.459976791,152.1458333,244.1666667,58.97916667,57.16666667,3.697708333,12.83333333
2015/2/4,125,0.830473403,93.0625,155.8333333,41.9375,49.625,2.967083333,22.8125
2015/2/5,77,0.525893907,52.27083333,101.0625,42.47916667,48.20833333,2.4875,19.39583333
2015/2/6,83,0.569085281,55.33333333,115.9166667,44.89583333,51.75,2.720416667,18.20833333
2015/2/7,66,0.439647041,35.5625,81.41666667,36.10416667,34.125,2.007291667,30.6875
2015/2/8,74,0.487732389,39.83333333,97.08333333,41.41666667,39.75,2.177916667,23.79166667
2015/2/9,86,0.577559286,54.91666667,121.7916667,56.91666667,47.58333333,2.455416667,19.20833333
2015/2/10,103,0.65544075,74.58333333,142.5833333,44.125,46.54166667,2.902083333,26.125
2015/2/11,96,0.592031995,47.4375,139.4166667,34.97916667,42.3125,2.860833333,23.91666667
2015/2/12,94,0.586544752,45.04166667,137.125,36.91666667,44.125,2.754583333,24
2015/2/13,93,0.611548385,54.25,134.5833333,47.58333333,48.79166667,2.853541667,26.375
2015/2/14,124,0.869055174,92.16666667,187.4375,60.14583333,53.41666667,3.314583333,16
2015/2/15,97,0.553422742,40.95833333,141.5833333,26.83333333,28.70833333,2.112916667,35.33333333
2015/2/16,71,0.447291375,32.83333333,91.20833333,26.625,31.04166667,2.231666667,28.91666667
2015/2/17,88,0.577173028,55,126.2083333,43.375,41.70833333,2.449583333,31.54166667
2015/2/18,130,0.83870105,87.58333333,203.2083333,48.79166667,32.95833333,2.465416667,35.625
2015/2/19,103,0.602503425,74.91666667,142.2916667,32.08333333,18.70833333,1.954166667,51.375
2015/2/20,92,0.536805493,67.45833333,106.6666667,23.5,21.33333333,2.016666667,30.5
2015/2/21,110,0.6672724,77.22916667,135.6041667,21.58333333,27.125,2.248541667,29.64583333
2015/2/22,126,0.707650057,44.20833333,202.4166667,21.72916667,17.27083333,1.727083333,39.70833333
2015/2/23,104,0.644214864,49.33333333,157.5208333,32.1875,25.22916667,1.957708333,28.4375
2015/2/24,108,0.719327385,70.4375,165.5416667,36.25,34.45833333,2.399166667,27.9375
2015/2/25,91,0.543032642,45.625,131.4583333,23.875,31.04166667,2.329583333,32.83333333
2015/2/26,107,0.715529253,62.41666667,163.5416667,47.54166667,31.70833333,2.461666667,29.91666667
2015/2/27,90,0.546716183,53.83333333,129.2916667,28.91666667,24.58333333,2.252916667,39.29166667
2015/2/28,90,0.493586981,59.33333333,107.9166667,19.33333333,24.125,1.974583333,24.95833333
2015/3/1,63,0.41953284,32.04166667,76.25,26.75,37.25,2.155416667,20.95833333
2015/3/2,76,0.485291309,45.1875,101.7291667,28.5,35.10416667,2.074375,29.72916667
2015/3/3,116,0.640938519,36.16666667,180.625,16.54166667,17.625,1.230833333,54.66666667
2015/3/4,66,0.405733294,29.22916667,82.10416667,29.72916667,24.47916667,1.426875,36.16666667
2015/3/5,78,0.466532027,55.91666667,92.66666667,20.625,27.875,1.559166667,26.125
2015/3/6,100,0.608593237,75,118.375,28.20833333,45.75,1.932916667,28.875
2015/3/7,111,0.745626102,83.58333333,148.8125,29.89583333,50.75,2.0875,30.375
2015/3/8,100,0.595800401,68.97916667,131.5416667,28.375,49.89583333,2.062916667,33.375
2015/3/9,78,0.477440954,36.29166667,105.375,33,38.16666667,1.482083333,31.54166667
2015/3/10,88,0.535841176,52.41666667,125.3333333,41.29166667,34.27083333,1.46,26.72916667
2015/3/11,86,0.535773652,53.06730769,121.6025641,33.95512821,41.01923077,1.627628205,30.77564103
2015/3/12,103,0.732462141,72.39102564,152.7724359,38.83653846,62.73076923,2.079871795,33.51602564
2015/3/13,108,0.771932188,75.66666667,165.4166667,46.66666667,59.08333333,2.096666667,43
2015/3/14,124,0.809826302,78.5,192.125,43.66666667,53.04166667,1.678333333,44.83333333
2015/3/15,154,1.10300662,110.1041667,252.8333333,51.64583333,71.16666667,2.119166667,22.4375
2015/3/16,181,1.28110426,136.9791667,286.0208333,42.89583333,70.35416667,2.529791667,46.64583333
2015/3/17,155,1.105624815,112.9583333,254.9583333,40.54166667,71.83333333,2.350833333,19.45833333
2015/3/18,83,0.491746388,60.58333333,99.375,15.5625,30.375,1.556666667,31.91666667
2015/3/19,64,0.404190172,42.16666667,75.89583333,16.54166667,33.72916667,1.741666667,15.64583333
2015/3/20,53,0.347077535,27.66666667,57.70833333,17.20833333,27.83333333,1.351666667,40.75
2015/3/21,72,0.449933783,37.04166667,94.25,20,39.625,1.496041667,37
2015/3/22,93,0.560700707,57.66666667,135.1666667,24.375,43.25,1.619166667,28.125
2015/3/23,51,0.346751067,30.58333333,56.66666667,13.45833333,26.625,1.35625,44.5
2015/3/24,102,0.564625371,67.39583333,136.3541667,20,40.6875,1.825833333,11.45833333
2015/3/25,77,0.465984096,56.41666667,87.29166667,12.91666667,35.45833333,1.603333333,21.5
2015/3/26,55,0.3585565,37.875,57.29166667,15.125,30.33333333,1.365,35.625
2015/3/27,82,0.497630836,59.91666667,99.79166667,17.95833333,36.79166667,1.656666667,22.125
2015/3/28,76,0.469626266,39.8125,100.9375,18.08333333,40.8125,1.773958333,31.8125
2015/3/29,118,0.758264863,66.60416667,185.5625,26.29166667,45,2.000833333,46.29166667
2015/3/30,85,0.531099195,57.29166667,115.2083333,22.33333333,38.875,1.75625,58.79166667
2015/3/31,108,0.719304289,80,156.875,22.95833333,46.33333333,2.144166667,29.375
2015/4/1,50,0.350263096,24.3125,59.10416667,14.45833333,27.95833333,1.815416667,32.20833333
2015/4/2,66,0.412983397,32.25,87.08333333,11.45833333,27.29166667,1.830416667,32.79166667
2015/4/3,102,0.599074638,73.66666667,142.125,22.45833333,28.41666667,2.4525,25.375
2015/4/4,73,0.450337975,53.16666667,76.58333333,12.95833333,25.5,2.114583333,32.04166667
2015/4/5,45,0.268144142,19.79166667,46,12.29166667,21.33333333,1.61875,43
2015/4/6,50,0.33961372,24.66666667,54.20833333,14.41666667,26.70833333,1.60875,40.375
2015/4/7,74,0.453739098,53.25,81.875,18.16666667,28.75,1.71875,35.04166667
2015/4/8,73,0.456036417,49.22916667,93.85416667,17.875,30.625,1.586041667,46.52083333
2015/4/9,78,0.483956844,45.91666667,104.3958333,17.5,37.75,1.710208333,44.1875
2015/4/10,89,0.548489467,50.8125,127.2708333,19.02083333,47.6875,1.744166667,46.29166667
2015/4/11,77,0.457491904,33.125,103.5833333,15.875,35.29166667,1.528958333,43.79166667
2015/4/12,86,0.472221057,25.125,122.2708333,12.39583333,27.5625,1.267708333,56.0625
2015/4/13,59,0.372027199,22.02083333,69.64583333,14.47916667,32.45833333,1.377916667,52.35416667
2015/4/14,87,0.555301171,50.85416667,123.8958333,25.125,56.39583333,1.936458333,32.85416667
2015/4/15,81,0.509934522,36.91666667,111.9166667,20.95833333,49.66666667,2.002916667,42.08333333
2015/4/16,124,0.712986449,44.5625,196.7291667,16.83333333,32.5625,1.580208333,49.33333333
2015/4/17,133,0.808868502,63.33333333,216.2708333,27.04166667,49.8125,1.74875,29.22916667
2015/4/18,106,0.67008369,60,161.922619,18.66071429,43.0952381,1.802083333,22.5297619
2015/4/19,40,0.257845924,19.5,42.45238095,12.52678571,27.30059524,1.429791667,43.86607143
2015/4/20,57,0.379946356,33.89583333,65.27083333,14.29166667,29.72916667,1.645208333,47.04166667
2015/4/21,32,0.219757476,12.5625,32.875,11.14583333,23.4375,1.368333333,61.22916667
2015/4/22,61,0.403284877,29.1875,72,17.6875,46.20833333,1.638958333,36.8125
2015/4/23,72,0.473732795,39.41666667,94.29166667,18.25,50.66666667,1.753333333,45.29166667
2015/4/24,71,0.468421719,37.41666667,91.27083333,19.29166667,50.8125,1.596458333,58.60416667
2015/4/25,86,0.549785895,50.10416667,120.5416667,21.70833333,54.79166667,1.703541667,57.54166667
2015/4/26,83,0.513825089,40.4375,114.9791667,18.97916667,47.16666667,1.617916667,57.35416667
2015/4/27,69,0.438937528,33.25,87.04166667,15,41.54166667,1.647083333,53.125
2015/4/28,80,0.50326373,36.6875,109.8541667,17.66666667,49.70833333,1.6975,58.6875
2015/4/29,92,0.570107914,52.875,133.0416667,21.08333333,43.85416667,1.687083333,71.20833333
2015/4/30,94,0.576184999,55.70833333,137.4166667,19.54166667,31.29166667,1.638125,96.60416667
2015/5/1,74,0.415025775,30.6875,94.89583333,11.58333333,22.16666667,1.404583333,42.14583333
2015/5/2,62,0.390080292,27.89583333,73.89583333,13.91666667,30.10416667,1.62125,52.1875
2015/5/3,61,0.390593016,26.75,71.29166667,16.35416667,40.75,1.490833333,41.33333333
2015/5/4,64,0.416683688,29.91666667,77.33333333,18.125,39.125,1.545,61.125
2015/5/5,72,0.461733355,37.35416667,93.85416667,17.4375,39.83333333,1.427083333,74.41666667
2015/5/6,66,0.418442032,27.35416667,81.52083333,16.85416667,40.9375,1.228333333,68.22916667
2015/5/7,88,0.521889222,48.20138889,123.4722222,20.59027778,43.03472222,1.49375,33.05555556
2015/5/8,63,0.38829747,26.94444444,75.48611111,13.24305556,31.94444444,1.287708333,56.63194444
2015/5/9,71,0.434396571,32.75,91.5,15.125,32.5,1.242916667,68.70833333
2015/5/10,68,0.417632911,35.41666667,88.54166667,12.75,27.02083333,1.288958333,52.125
2015/5/11,60,0.357717465,19.4375,71.8125,13.29166667,25.33333333,1.152083333,51.91666667
2015/5/12,76,0.475302736,34.08333333,101.6875,16.3125,50.14583333,1.493333333,51.77083333
2015/5/13,95,0.588652374,48.14583333,140.0208333,17.16666667,53.9375,1.865208333,65.47916667
2015/5/14,96,0.589054259,54.47916667,141.0833333,22.5,48.125,1.849375,52.16666667
2015/5/15,64,0.401961022,32.5625,78.5625,13.16666667,26.125,1.263958333,71.45833333
2015/5/16,99,0.59233101,51.02083333,146.7291667,20.52083333,50.97916667,1.6075,52.29166667
2015/5/17,98,0.594028343,53.9375,145.0833333,18.8125,51.4375,1.839791667,47.79166667
2015/5/18,82,0.490285592,37.52083333,113.6041667,15.14583333,38.29166667,1.47375,57.3125
2015/5/19,99,0.58714154,49.58333333,147.4791667,22.95833333,39.85416667,1.552916667,69.25
2015/5/20,87,0.52185571,41.9375,122.6041667,26.83333333,25.77083333,1.469791667,82.64583333
2015/5/21,64,0.402067326,41.91666667,74.25,12.625,23.875,1.477916667,61.66666667
2015/5/22,73,0.453763193,49.54166667,85.60416667,15.04166667,30.60416667,1.687083333,70.875
2015/5/23,67,0.439598667,36.60416667,79.79166667,18.27083333,37.95833333,1.603958333,81.66666667
2015/5/24,80,0.520568681,46.70833333,110.1666667,22,45.75,1.686458333,68.6875
2015/5/25,73,0.477804892,44.26388889,96.125,20.38888889,34.59722222,1.518055556,81.72222222
2015/5/26,71,0.462150912,48.94444444,87.95833333,18.94444444,34.69444444,1.462152778,79.67361111
2015/5/27,83,0.528321316,57.39583333,111.75,20.04166667,39.10416667,1.496041667,85.14583333
2015/5/28,79,0.479257652,49.02083333,106.8958333,18.6875,34.41666667,1.349583333,40.58333333
2015/5/29,55,0.350189746,29.47916667,60.33333333,12.08333333,21.95833333,1.115833333,65.125
2015/5/30,68,0.422718442,33.47916667,86.39583333,14.16666667,33.02083333,1.24875,61.47916667
2015/5/31,69,0.427906879,36.20833333,87.9375,14.66666667,33.33333333,1.272291667,59
2015/6/1,63,0.393100533,41.77083333,75.33333333,13.52083333,31.79166667,1.301458333,26.77083333
2015/6/2,60,0.376310662,37,69.04166667,13.45833333,33.625,1.362916667,20.54166667
2015/6/3,66,0.401629054,43.91666667,76.95833333,12.60416667,34.52083333,1.321875,25.9375
2015/6/4,64,0.380083462,26.85416667,78.33333333,12.125,25.6875,1.027083333,55.85416667
2015/6/5,64,0.389962583,21.75,76.625,12.85416667,40.58333333,1.136458333,55.70833333
2015/6/6,56,0.353759554,20.16666667,62.25,13.41666667,32.16666667,1.171666667,60.04166667
2015/6/7,64,0.403073408,25.5,78.16666667,15.47916667,38.16666667,1.249375,60.85416667
2015/6/8,70,0.424933152,28.52083333,89.89583333,15,34.125,1.223125,65.8125
2015/6/9,77,0.476909178,40.54166667,103.2708333,16.47916667,38.29166667,1.365,67
2015/6/10,108,0.610977034,35.70833333,161.9166667,10.70833333,27.125,1.135833333,66.375
2015/6/11,86,0.488041875,32.8125,121.875,15.35416667,37.39583333,1.08125,51.9375
2015/6/12,75,0.45271507,29.5,99.97916667,15.89583333,46.60416667,1.203541667,47.72916667
2015/6/13,70,0.433552473,28.58333333,90.25,15.875,40.66666667,1.152083333,65.25
2015/6/14,90,0.548958125,42.625,128.9166667,19.75,52.47916667,1.299166667,69.29166667
2015/6/15,69,0.410792638,47.33333333,71.04166667,7.6875,24.70833333,1.202708333,70.89583333
2015/6/16,82,0.492391603,59.75,101.6041667,7.958333333,35.04166667,1.404375,50.45833333
2015/6/17,71,0.440029801,45.60416667,85.14583333,9.083333333,34.22916667,1.465208333,71.04166667
2015/6/18,69,0.435076773,39.79166667,85.0625,10,34.3125,1.429375,75.70833333
2015/6/19,70,0.458377427,42.97916667,87.64583333,11.72916667,45.54166667,1.36375,79.58333333
2015/6/20,86,0.529084917,59.77083333,118.9166667,16.04166667,37.39583333,1.391041667,66.33333333
2015/6/21,75,0.466308075,51.375,96.83333333,12.70833333,25.79166667,1.39875,80.54166667
2015/6/22,64,0.396323638,35.85416667,77.91666667,10,24.41666667,1.15375,71.75
2015/6/23,59,0.37089127,40.5,68.45833333,6.416666667,20.66666667,1.2425,54.41666667
2015/6/24,25,0.201354891,14.58333333,24.5,6,25.5,1.202083333,57.91666667
2015/6/25,43,0.269809546,17.60416667,36.625,5.5,32.04166667,1.411666667,87.22916667
2015/6/26,61,0.38462993,36.375,71.83333333,6.541666667,37.16666667,1.420416667,32.16666667
2015/6/27,36,0.219350714,22.39583333,36.16666667,4.25,18.375,1.030208333,52.8125
2015/6/28,52,0.329196084,30.41666667,56.08333333,6.125,24.54166667,1.022083333,44.875
2015/6/29,50,0.338606088,31.45833333,54,4.291666667,32.08333333,1.184583333,51.45833333
2015/6/30,65,0.399735445,40.875,78.875,4.541666667,29.79166667,1.18125,56.0625
2015/7/1,65,0.410667017,30.83333333,78.35416667,7.291666667,41.875,1.245416667,68.35416667
2015/7/2,62,0.397366692,23.47222222,72.67361111,10.27083333,45.55555556,1.058958333,80.00694444
2015/7/3,77,0.482053461,41.86111111,103.5972222,13.66666667,46.48611111,1.193958333,67.80555556
2015/7/4,70,0.448662406,41.79166667,89.54166667,10.25,41.375,1.09875,79.625
2015/7/5,72,0.447605396,44.125,93.625,8.666666667,38.33333333,1.097083333,65.29166667
2015/7/6,63,0.3967097,33.33333333,77.16666667,8.166666667,35.58333333,0.976666667,65.58333333
2015/7/7,61,0.387473526,31.625,71.16666667,8.208333333,29.29166667,0.948333333,92.91666667
2015/7/8,77,0.485444581,49.41666667,102.3541667,9.958333333,37.45833333,1.128125,92.125
2015/7/9,101,0.61615761,74.375,136.8333333,11.08333333,35.83333333,1.23125,115.125
2015/7/10,91,0.560629027,66.54166667,126.3333333,10.5,39.08333333,1.15375,96.5
2015/7/11,71,0.450722568,45.875,91.66666667,11.08333333,33.04166667,0.9475,91.70833333
2015/7/12,70,0.438469276,41.625,87.33333333,9.333333333,34.875,0.988333333,90.33333333
2015/7/13,127,0.752889,55.6875,203.6875,12.9375,44.52083333,1.062291667,72.83333333
2015/7/14,134,0.834832594,75.25,216.4583333,11.70833333,47.5,1.29125,103.1666667
2015/7/15,55,0.351743116,33.29166667,59.02083333,6.645833333,18.5625,0.883125,95.45833333
2015/7/16,81,0.485860892,57.41666667,91.1875,8.416666667,26.10416667,1.1625,100.9166667
2015/7/17,92,0.549326457,66.95833333,109.5416667,10,28.58333333,1.106666667,109.7083333
2015/7/18,93,0.536119446,64.45833333,117.5833333,9.75,33.5625,1.037916667,97.5
2015/7/19,64,0.392501987,32.10416667,78.52083333,6.125,24.27083333,0.759166667,96.29166667
2015/7/20,81,0.458466804,53.16666667,97.04166667,7.770833333,30.1875,0.927083333,81.125
2015/7/21,68,0.416953585,32.5625,80.70833333,6.583333333,37.91666667,0.860208333,98.75
2015/7/22,55,0.346656625,23.625,61.58333333,5.625,33.54166667,0.81125,70.70833333
2015/7/23,60,0.362531073,20.41666667,66.79166667,8.375,35.5,0.8225,79.33333333
2015/7/24,64,0.386486599,20.83333333,77.375,8.875,40.5,0.807916667,73.75
2015/7/25,87,0.492755091,29.91666667,104,12.08333333,60.04166667,1.075416667,96.25
2015/7/26,97,0.572389597,48.83333333,135.6666667,10,55.41666667,1.14625,96.70833333
2015/7/27,71,0.44063477,40.5,92.20833333,5.291666667,36.83333333,1.045833333,75.375
2015/7/28,62,0.389679184,31.375,72.58333333,6.041666667,33.85416667,0.967083333,83.22916667
2015/7/29,74,0.416088425,33.58333333,78.75,6.25,36.66666667,1.016666667,98.375
2015/7/30,75,0.435551878,37.45833333,86.125,7.291666667,36.58333333,1.035416667,94.91666667
2015/7/31,65,0.39536475,27.79166667,80.04166667,7.583333333,33.25,0.89125,75.70833333
2015/8/1,72,0.434634508,46.45833333,91.95833333,4.75,30.25,0.91125,76.33333333
2015/8/2,69,0.41349406,38.54166667,84.54166667,5.583333333,29,0.893333333,81.5
2015/8/3,50,0.328301751,29.125,55.91666667,3.666666667,24.91666667,0.982083333,56.70833333
2015/8/4,31,0.198777324,14,30.5,5.5,25.83333333,0.87,51.45833333
2015/8/5,61,0.36462006,24.16666667,58.08333333,9.895833333,40.79166667,0.969375,85.70833333
2015/8/6,71,0.431825728,37.16666667,80.66666667,8.041666667,46.16666667,0.9925,88.5
2015/8/7,87,0.521017147,61.75,111.7916667,7,42.70833333,1.048333333,79.83333333
2015/8/8,95,0.554574088,69.5,118.0416667,7.458333333,33.83333333,1.051666667,83.08333333
2015/8/9,102,0.642855356,75.5,132.7083333,6.583333333,39.41666667,1.160833333,56.95833333
2015/8/10,79,0.465172308,55.625,97.66666667,7.375,35,1.02875,58.91666667
2015/8/11,80,0.470873303,56.27083333,100.7916667,8.625,37.02083333,0.9575,56.25
2015/8/12,72,0.419299568,47.875,83.27083333,7.604166667,39.41666667,0.863541667,48.625
2015/8/13,60,0.385224057,38.3125,69.83333333,7.0625,38.625,0.947708333,56
2015/8/14,53,0.321770363,18.125,55.5,6.958333333,34.70833333,0.770833333,54.70833333
2015/8/15,55,0.359418585,22.16666667,60.22916667,8.979166667,44.25,0.849166667,69.79166667
2015/8/16,73,0.472643532,43.5,95.91666667,8.875,53.5,1.064166667,75.33333333
2015/8/17,168,0.976964932,72.20833333,283.1666667,10.95833333,39.66666667,0.825416667,45.04166667
2015/8/18,148,0.84844529,72.45833333,244.625,10.04166667,59.66666667,1.06125,17.16666667
2015/8/19,99,0.550534769,53.04166667,147.7083333,7.583333333,40.41666667,1.015833333,36.66666667
2015/8/20,64,0.399871955,26.64583333,77.04166667,10.375,48.60416667,1.045625,51.1875
2015/8/21,58,0.401277219,20,65.85416667,15.4375,52.1875,0.945208333,58.625
2015/8/22,70,0.448114729,26.58333333,79.89583333,16.10416667,56.5,1.002291667,78.10416667
2015/8/23,77,0.475382394,33.39583333,99.22916667,14.77083333,52.97916667,1.032708333,82.45833333
2015/8/24,58,0.378010888,33.20833333,62.54166667,9.125,35.75,0.915833333,87.33333333
2015/8/25,72,0.46847205,43.20833333,93.20833333,13.45833333,50.77083333,1.046666667,75.08333333
2015/8/26,74,0.477470749,45.10416667,96.58333333,14.79166667,46.70833333,1.120625,78.10416667
2015/8/27,78,0.494038682,46.58333333,98.9375,18.91666667,40.27083333,1.160625,104.0833333
2015/8/28,82,0.518148554,48.64583333,110.7291667,17.25,47.5,1.1725,87.89583333
2015/8/29,86,0.542198739,44.79166667,121,18.66666667,60.875,1.182083333,69.875
2015/8/30,94,0.577839286,52.60416667,138.0208333,14.70833333,53.875,1.212083333,76.95833333
2015/8/31,70,0.440964724,35.16666667,90.29166667,12.54166667,41.72916667,1.059166667,70.0625
2015/9/1,68,0.444214721,38.70833333,84.79166667,13.08333333,50.125,1.16375,65.54166667
2015/9/2,94,0.553935373,67.64583333,112.0416667,12.77083333,35.375,1.368958333,79.70833333
2015/9/3,73,0.441044836,49.70833333,91.75,10.60416667,31.125,1.094583333,59.58333333
2015/9/4,48,0.282070352,29.16666667,48.3125,7.166666667,23.5625,1.00125,62.91666667
2015/9/5,57,0.358173243,23.70833333,64.04166667,11.29166667,39.20833333,1.006666667,46.25
2015/9/6,65,0.410121262,25.33333333,78.91666667,16,45.625,1.01,66.875
2015/9/7,75,0.447683808,49.4375,87.4375,12.66666667,33.0625,1.23,76.10416667
2015/9/8,77,0.472361408,55.75,91.39583333,10.20833333,36.875,1.342708333,53.64583333
2015/9/9,64,0.39249044,44.125,70,8.416666667,37.08333333,1.382916667,25.125
2015/9/10,25,0.213098323,13.35416667,24.9375,5.375,31.10416667,1.087291667,28.0625
2015/9/11,36,0.230884437,11.6875,36.91666667,11.52083333,31.70833333,0.916458333,44.8125
2015/9/12,50,0.337643575,19.35416667,55.04166667,16,40.25,0.925416667,46.85416667
2015/9/13,61,0.443048061,27.83333333,73.70833333,15.20833333,60.47916667,1.057291667,26.8125
2015/9/14,71,0.459933516,38.58333333,92.72916667,18.625,53.52083333,1.201458333,44.58333333
2015/9/15,78,0.509051941,49.16666667,105.9166667,18.70833333,53.20833333,1.260416667,68.20833333
2015/9/16,90,0.565024068,65.16666667,117.8958333,21.47916667,53.375,1.377708333,61.45833333
2015/9/17,102,0.661728902,76.16666667,122.4583333,14.08333333,41.45833333,1.476041667,59.08333333
2015/9/18,79,0.489588912,54,103.5833333,12.875,53.25,1.43,26.70833333
2015/9/19,87,0.535150805,62.15833333,118.8666667,16.7,51.83333333,1.501583333,30.95833333
2015/9/20,78,0.498069083,49.1125,102.3416667,16.00833333,39.70833333,1.2755,95.4375
2015/9/21,75,0.475211331,45.625,98.79166667,11.41666667,49.04166667,1.219583333,58.91666667
2015/9/22,59,0.37445393,29.22916667,71.0625,9.1875,37.39583333,1.08,43.60416667
2015/9/23,54,0.356718965,23.54166667,62,12,43.66666667,1.022083333,43.29166667
2015/9/24,49,0.315801356,19.33333333,50.6875,12.6875,33.45833333,0.815,46.8125
2015/9/25,59,0.398499092,25.79166667,66.79166667,16.125,50.91666667,0.975416667,46.95833333
2015/9/26,72,0.456147624,40.25,92.54166667,16.79166667,49.875,1.019583333,54.625
2015/9/27,64,0.406915548,44.64583333,72.39583333,10.20833333,33.3125,1.027083333,70.35416667
2015/9/28,73,0.453277429,48.5,93.58333333,14.625,40.95833333,1.12,47.16666667
2015/9/29,75,0.445337469,49.89583333,92.625,10.8125,32.64583333,1.054166667,60.29166667
2015/9/30,73,0.434396622,50.83333333,92.625,8.875,31.125,1.1125,39.66666667
2015/10/1,246,1.045078005,45.54166667,343.7291667,9.958333333,30.33333333,0.590833333,53.5
2015/10/2,104,0.623605469,40.64583333,158.1041667,16.25,55.0625,0.983958333,14.04166667
2015/10/3,126,0.781243991,67.45833333,202.4166667,23.20833333,63.375,1.488333333,7.458333333
